{
  "extends": [
    "tslint:recommended",
    "tslint-react",
    "tslint-plugin-prettier",
    "tslint-config-prettier"
  ],
  "linterOptions": {
    "exclude": ["config/**/*.js", "node_modules/**/*.ts"]
  },
  "rules": {
    "prettier": true,
    "ordered-imports": false,
    "object-literal-sort-keys": false,
    "no-console": false,
    "no-empty": false,
    "no-namespace": false,
    "no-bitwise": false,
    "quotemark": [true, "single", "jsx-double"],
    "semicolon": [true, "always", "ignore-bound-class-methods"],
    "interface-name": false,
    "array-type": false,
    "max-classes-per-file": false,
    "variable-name": [
      true,
      "allow-leading-underscore"
    ]
  }
}
